day,day_code,phase_number,phase,mode,topic,difficulty,estimated_time_hours,tools,objective,required_submission
1,DAY_001,1,"Workstation, Workflow, and Secure Development",Orientation and setup,Developer Workstation Setup,foundation,8,VS Code | Git | GitHub | language runtimes,"Configure the approved editor, Git workflow, language runtime, local database, and test command without committing secrets or deploying to shared systems.","Baseline evidence, completed practical artifact, independent verification, safety/restoration record, and short professional report."
2,DAY_002,1,"Workstation, Workflow, and Secure Development",Concept development,Developer Environment And Package Managers — Applied Baseline Lab,foundation,8,VS Code | Git | GitHub | language runtimes,"Complete a supervised applied lab for developer environment and package managers, record expected versus observed results, diagnose one controlled fault, and restore the approved state.","Baseline evidence, completed practical artifact, independent verification, safety/restoration record, and short professional report."
3,DAY_003,1,"Workstation, Workflow, and Secure Development",Guided laboratory,Git Repositories Commits And Branches — Architecture and Components,foundation,8,VS Code | Git | GitHub | language runtimes,"Explain and demonstrate Git repositories commits and branches through an authorized baseline, measurable check, documented failure mode, and independent verification.","Baseline evidence, completed practical artifact, independent verification, safety/restoration record, and short professional report."
4,DAY_004,1,"Workstation, Workflow, and Secure Development",Guided laboratory,Git Repositories Commits And Branches — Configuration Lab,foundation,8,VS Code | Git | GitHub | language runtimes,"Complete a supervised applied lab for Git repositories commits and branches, record expected versus observed results, diagnose one controlled fault, and restore the approved state.","Baseline evidence, completed practical artifact, independent verification, safety/restoration record, and short professional report."
5,DAY_005,1,"Workstation, Workflow, and Secure Development",Applied practice,Secrets Environment Files And Configuration — Design and Technique,foundation,8,VS Code | Git | GitHub | language runtimes,"Explain and demonstrate secrets environment files and configuration through an authorized baseline, measurable check, documented failure mode, and independent verification.","Baseline evidence, completed practical artifact, independent verification, safety/restoration record, and short professional report."
6,DAY_006,1,"Workstation, Workflow, and Secure Development",Operations and measurement,Secrets Environment Files And Configuration — Operations and Measurement,foundation,8,VS Code | Git | GitHub | language runtimes,"Complete a supervised applied lab for secrets environment files and configuration, record expected versus observed results, diagnose one controlled fault, and restore the approved state.","Baseline evidence, completed practical artifact, independent verification, safety/restoration record, and short professional report."
7,DAY_007,1,"Workstation, Workflow, and Secure Development",Troubleshooting laboratory,Documentation Debugging And Evidence — Troubleshooting and Failure Modes,foundation,8,VS Code | Git | GitHub | language runtimes,"Explain and demonstrate documentation debugging and evidence through an authorized baseline, measurable check, documented failure mode, and independent verification.","Baseline evidence, completed practical artifact, independent verification, safety/restoration record, and short professional report."
8,DAY_008,1,"Workstation, Workflow, and Secure Development",Safety and quality review,"Documentation Debugging And Evidence — Safety, Quality, and Verification",foundation,8,VS Code | Git | GitHub | language runtimes,"Complete a supervised applied lab for documentation debugging and evidence, record expected versus observed results, diagnose one controlled fault, and restore the approved state.","Baseline evidence, completed practical artifact, independent verification, safety/restoration record, and short professional report."
9,DAY_009,1,"Workstation, Workflow, and Secure Development",Integration and documentation,"Workstation, Workflow, and Secure Development — Integration, Documentation, and Handover",foundation,8,VS Code | Git | GitHub | language runtimes,"Integrate the four workstation, workflow, and secure development skill areas into one reproducible workflow, diagram, checklist, evidence pack, and handover note.","Baseline evidence, completed practical artifact, independent verification, safety/restoration record, and short professional report."
10,DAY_010,1,"Workstation, Workflow, and Secure Development",Assessment and presentation,"Workstation, Workflow, and Secure Development — Assessment Project",foundation,8,VS Code | Git | GitHub | language runtimes,"Plan, execute, verify, present, and safely close an assessment project covering the complete workstation, workflow, and secure development phase.","Assessment demonstration, reproducible project/equipment package, verification and restoration evidence, safety review, and professional report."
11,DAY_011,2,Programming Foundations,Orientation and setup,Variables Types And Expressions — Foundations and Vocabulary,foundation,8,VS Code | Git | Python/JavaScript | pytest/Jest,"Explain and demonstrate variables types and expressions through an authorized baseline, measurable check, documented failure mode, and independent verification.","Baseline evidence, completed practical artifact, independent verification, safety/restoration record, and short professional report."
12,DAY_012,2,Programming Foundations,Concept development,Variables Types And Expressions — Applied Baseline Lab,foundation,8,VS Code | Git | Python/JavaScript | pytest/Jest,"Complete a supervised applied lab for variables types and expressions, record expected versus observed results, diagnose one controlled fault, and restore the approved state.","Baseline evidence, completed practical artifact, independent verification, safety/restoration record, and short professional report."
13,DAY_013,2,Programming Foundations,Guided laboratory,Conditions Loops And Functions — Architecture and Components,foundation,8,VS Code | Git | Python/JavaScript | pytest/Jest,"Explain and demonstrate conditions loops and functions through an authorized baseline, measurable check, documented failure mode, and independent verification.","Baseline evidence, completed practical artifact, independent verification, safety/restoration record, and short professional report."
14,DAY_014,2,Programming Foundations,Guided laboratory,Conditions Loops And Functions — Configuration Lab,foundation,8,VS Code | Git | Python/JavaScript | pytest/Jest,"Complete a supervised applied lab for conditions loops and functions, record expected versus observed results, diagnose one controlled fault, and restore the approved state.","Baseline evidence, completed practical artifact, independent verification, safety/restoration record, and short professional report."
15,DAY_015,2,Programming Foundations,Applied practice,Collections Strings And Files — Design and Technique,foundation,8,VS Code | Git | Python/JavaScript | pytest/Jest,"Explain and demonstrate collections strings and files through an authorized baseline, measurable check, documented failure mode, and independent verification.","Baseline evidence, completed practical artifact, independent verification, safety/restoration record, and short professional report."
16,DAY_016,2,Programming Foundations,Operations and measurement,Collections Strings And Files — Operations and Measurement,foundation,8,VS Code | Git | Python/JavaScript | pytest/Jest,"Complete a supervised applied lab for collections strings and files, record expected versus observed results, diagnose one controlled fault, and restore the approved state.","Baseline evidence, completed practical artifact, independent verification, safety/restoration record, and short professional report."
17,DAY_017,2,Programming Foundations,Troubleshooting laboratory,Exceptions Modules And Tests — Troubleshooting and Failure Modes,foundation,8,VS Code | Git | Python/JavaScript | pytest/Jest,"Explain and demonstrate exceptions modules and tests through an authorized baseline, measurable check, documented failure mode, and independent verification.","Baseline evidence, completed practical artifact, independent verification, safety/restoration record, and short professional report."
18,DAY_018,2,Programming Foundations,Safety and quality review,"Exceptions Modules And Tests — Safety, Quality, and Verification",foundation,8,VS Code | Git | Python/JavaScript | pytest/Jest,"Complete a supervised applied lab for exceptions modules and tests, record expected versus observed results, diagnose one controlled fault, and restore the approved state.","Baseline evidence, completed practical artifact, independent verification, safety/restoration record, and short professional report."
19,DAY_019,2,Programming Foundations,Integration and documentation,"Programming Foundations — Integration, Documentation, and Handover",foundation,8,VS Code | Git | Python/JavaScript | pytest/Jest,"Integrate the four programming foundations skill areas into one reproducible workflow, diagram, checklist, evidence pack, and handover note.","Baseline evidence, completed practical artifact, independent verification, safety/restoration record, and short professional report."
20,DAY_020,2,Programming Foundations,Assessment and presentation,Programming Foundations — Assessment Project,foundation,8,VS Code | Git | Python/JavaScript | pytest/Jest,"Plan, execute, verify, present, and safely close an assessment project covering the complete programming foundations phase.","Assessment demonstration, reproducible project/equipment package, verification and restoration evidence, safety review, and professional report."
21,DAY_021,3,Object-Oriented and Modular Design,Orientation and setup,Classes Objects And Encapsulation — Foundations and Vocabulary,foundation,8,VS Code | Git | Python/JavaScript/Java | test framework,"Explain and demonstrate classes objects and encapsulation through an authorized baseline, measurable check, documented failure mode, and independent verification.","Baseline evidence, completed practical artifact, independent verification, safety/restoration record, and short professional report."
22,DAY_022,3,Object-Oriented and Modular Design,Concept development,Classes Objects And Encapsulation — Applied Baseline Lab,foundation,8,VS Code | Git | Python/JavaScript/Java | test framework,"Complete a supervised applied lab for classes objects and encapsulation, record expected versus observed results, diagnose one controlled fault, and restore the approved state.","Baseline evidence, completed practical artifact, independent verification, safety/restoration record, and short professional report."
23,DAY_023,3,Object-Oriented and Modular Design,Guided laboratory,Interfaces Inheritance And Composition — Architecture and Components,foundation,8,VS Code | Git | Python/JavaScript/Java | test framework,"Explain and demonstrate interfaces inheritance and composition through an authorized baseline, measurable check, documented failure mode, and independent verification.","Baseline evidence, completed practical artifact, independent verification, safety/restoration record, and short professional report."
24,DAY_024,3,Object-Oriented and Modular Design,Guided laboratory,Interfaces Inheritance And Composition — Configuration Lab,foundation,8,VS Code | Git | Python/JavaScript/Java | test framework,"Complete a supervised applied lab for interfaces inheritance and composition, record expected versus observed results, diagnose one controlled fault, and restore the approved state.","Baseline evidence, completed practical artifact, independent verification, safety/restoration record, and short professional report."
25,DAY_025,3,Object-Oriented and Modular Design,Applied practice,Modules Packages And Dependencies — Design and Technique,foundation,8,VS Code | Git | Python/JavaScript/Java | test framework,"Explain and demonstrate modules packages and dependencies through an authorized baseline, measurable check, documented failure mode, and independent verification.","Baseline evidence, completed practical artifact, independent verification, safety/restoration record, and short professional report."
26,DAY_026,3,Object-Oriented and Modular Design,Operations and measurement,Modules Packages And Dependencies — Operations and Measurement,foundation,8,VS Code | Git | Python/JavaScript/Java | test framework,"Complete a supervised applied lab for modules packages and dependencies, record expected versus observed results, diagnose one controlled fault, and restore the approved state.","Baseline evidence, completed practical artifact, independent verification, safety/restoration record, and short professional report."
27,DAY_027,3,Object-Oriented and Modular Design,Troubleshooting laboratory,Solid Principles And Refactoring — Troubleshooting and Failure Modes,foundation,8,VS Code | Git | Python/JavaScript/Java | test framework,"Explain and demonstrate SOLID principles and refactoring through an authorized baseline, measurable check, documented failure mode, and independent verification.","Baseline evidence, completed practical artifact, independent verification, safety/restoration record, and short professional report."
28,DAY_028,3,Object-Oriented and Modular Design,Safety and quality review,"Solid Principles And Refactoring — Safety, Quality, and Verification",foundation,8,VS Code | Git | Python/JavaScript/Java | test framework,"Complete a supervised applied lab for SOLID principles and refactoring, record expected versus observed results, diagnose one controlled fault, and restore the approved state.","Baseline evidence, completed practical artifact, independent verification, safety/restoration record, and short professional report."
29,DAY_029,3,Object-Oriented and Modular Design,Integration and documentation,"Object-Oriented and Modular Design — Integration, Documentation, and Handover",foundation,8,VS Code | Git | Python/JavaScript/Java | test framework,"Integrate the four object-oriented and modular design skill areas into one reproducible workflow, diagram, checklist, evidence pack, and handover note.","Baseline evidence, completed practical artifact, independent verification, safety/restoration record, and short professional report."
30,DAY_030,3,Object-Oriented and Modular Design,Assessment and presentation,Object-Oriented and Modular Design — Assessment Project,foundation,8,VS Code | Git | Python/JavaScript/Java | test framework,"Plan, execute, verify, present, and safely close an assessment project covering the complete object-oriented and modular design phase.","Assessment demonstration, reproducible project/equipment package, verification and restoration evidence, safety review, and professional report."
31,DAY_031,4,Algorithms and Data Structures,Orientation and setup,Complexity And Measurement — Foundations and Vocabulary,foundation-to-intermediate,8,VS Code | Git | language runtime | test framework,"Explain and demonstrate complexity and measurement through an authorized baseline, measurable check, documented failure mode, and independent verification.","Baseline evidence, completed practical artifact, independent verification, safety/restoration record, and short professional report."
32,DAY_032,4,Algorithms and Data Structures,Concept development,Complexity And Measurement — Applied Baseline Lab,foundation-to-intermediate,8,VS Code | Git | language runtime | test framework,"Complete a supervised applied lab for complexity and measurement, record expected versus observed results, diagnose one controlled fault, and restore the approved state.","Baseline evidence, completed practical artifact, independent verification, safety/restoration record, and short professional report."
33,DAY_033,4,Algorithms and Data Structures,Guided laboratory,Arrays Lists Stacks And Queues — Architecture and Components,foundation-to-intermediate,8,VS Code | Git | language runtime | test framework,"Explain and demonstrate arrays lists stacks and queues through an authorized baseline, measurable check, documented failure mode, and independent verification.","Baseline evidence, completed practical artifact, independent verification, safety/restoration record, and short professional report."
34,DAY_034,4,Algorithms and Data Structures,Guided laboratory,Arrays Lists Stacks And Queues — Configuration Lab,foundation-to-intermediate,8,VS Code | Git | language runtime | test framework,"Complete a supervised applied lab for arrays lists stacks and queues, record expected versus observed results, diagnose one controlled fault, and restore the approved state.","Baseline evidence, completed practical artifact, independent verification, safety/restoration record, and short professional report."
35,DAY_035,4,Algorithms and Data Structures,Applied practice,Hash Maps Trees And Graphs — Design and Technique,foundation-to-intermediate,8,VS Code | Git | language runtime | test framework,"Explain and demonstrate hash maps trees and graphs through an authorized baseline, measurable check, documented failure mode, and independent verification.","Baseline evidence, completed practical artifact, independent verification, safety/restoration record, and short professional report."
36,DAY_036,4,Algorithms and Data Structures,Operations and measurement,Hash Maps Trees And Graphs — Operations and Measurement,foundation-to-intermediate,8,VS Code | Git | language runtime | test framework,"Complete a supervised applied lab for hash maps trees and graphs, record expected versus observed results, diagnose one controlled fault, and restore the approved state.","Baseline evidence, completed practical artifact, independent verification, safety/restoration record, and short professional report."
37,DAY_037,4,Algorithms and Data Structures,Troubleshooting laboratory,Searching Sorting And Problem Solving — Troubleshooting and Failure Modes,foundation-to-intermediate,8,VS Code | Git | language runtime | test framework,"Explain and demonstrate searching sorting and problem solving through an authorized baseline, measurable check, documented failure mode, and independent verification.","Baseline evidence, completed practical artifact, independent verification, safety/restoration record, and short professional report."
38,DAY_038,4,Algorithms and Data Structures,Safety and quality review,"Searching Sorting And Problem Solving — Safety, Quality, and Verification",foundation-to-intermediate,8,VS Code | Git | language runtime | test framework,"Complete a supervised applied lab for searching sorting and problem solving, record expected versus observed results, diagnose one controlled fault, and restore the approved state.","Baseline evidence, completed practical artifact, independent verification, safety/restoration record, and short professional report."
39,DAY_039,4,Algorithms and Data Structures,Integration and documentation,"Algorithms and Data Structures — Integration, Documentation, and Handover",foundation-to-intermediate,8,VS Code | Git | language runtime | test framework,"Integrate the four algorithms and data structures skill areas into one reproducible workflow, diagram, checklist, evidence pack, and handover note.","Baseline evidence, completed practical artifact, independent verification, safety/restoration record, and short professional report."
40,DAY_040,4,Algorithms and Data Structures,Assessment and presentation,Algorithms and Data Structures — Assessment Project,foundation-to-intermediate,8,VS Code | Git | language runtime | test framework,"Plan, execute, verify, present, and safely close an assessment project covering the complete algorithms and data structures phase.","Assessment demonstration, reproducible project/equipment package, verification and restoration evidence, safety review, and professional report."
41,DAY_041,5,Web Foundations,Orientation and setup,Http Urls Methods And Status Codes — Foundations and Vocabulary,foundation-to-intermediate,8,VS Code | Git | HTML/CSS/JavaScript | browser tools,"Explain and demonstrate HTTP URLs methods and status codes through an authorized baseline, measurable check, documented failure mode, and independent verification.","Baseline evidence, completed practical artifact, independent verification, safety/restoration record, and short professional report."
42,DAY_042,5,Web Foundations,Concept development,Http Urls Methods And Status Codes — Applied Baseline Lab,foundation-to-intermediate,8,VS Code | Git | HTML/CSS/JavaScript | browser tools,"Complete a supervised applied lab for HTTP URLs methods and status codes, record expected versus observed results, diagnose one controlled fault, and restore the approved state.","Baseline evidence, completed practical artifact, independent verification, safety/restoration record, and short professional report."
43,DAY_043,5,Web Foundations,Guided laboratory,Html Semantics And Accessibility — Architecture and Components,foundation-to-intermediate,8,VS Code | Git | HTML/CSS/JavaScript | browser tools,"Explain and demonstrate HTML semantics and accessibility through an authorized baseline, measurable check, documented failure mode, and independent verification.","Baseline evidence, completed practical artifact, independent verification, safety/restoration record, and short professional report."
44,DAY_044,5,Web Foundations,Guided laboratory,Html Semantics And Accessibility — Configuration Lab,foundation-to-intermediate,8,VS Code | Git | HTML/CSS/JavaScript | browser tools,"Complete a supervised applied lab for HTML semantics and accessibility, record expected versus observed results, diagnose one controlled fault, and restore the approved state.","Baseline evidence, completed practical artifact, independent verification, safety/restoration record, and short professional report."
45,DAY_045,5,Web Foundations,Applied practice,Css Layout Responsive Design — Design and Technique,foundation-to-intermediate,8,VS Code | Git | HTML/CSS/JavaScript | browser tools,"Explain and demonstrate CSS layout responsive design through an authorized baseline, measurable check, documented failure mode, and independent verification.","Baseline evidence, completed practical artifact, independent verification, safety/restoration record, and short professional report."
46,DAY_046,5,Web Foundations,Operations and measurement,Css Layout Responsive Design — Operations and Measurement,foundation-to-intermediate,8,VS Code | Git | HTML/CSS/JavaScript | browser tools,"Complete a supervised applied lab for CSS layout responsive design, record expected versus observed results, diagnose one controlled fault, and restore the approved state.","Baseline evidence, completed practical artifact, independent verification, safety/restoration record, and short professional report."
47,DAY_047,5,Web Foundations,Troubleshooting laboratory,Browser Developer Tools And Web Security Basics — Troubleshooting and Failure Modes,foundation-to-intermediate,8,VS Code | Git | HTML/CSS/JavaScript | browser tools,"Explain and demonstrate browser developer tools and web security basics through an authorized baseline, measurable check, documented failure mode, and independent verification.","Baseline evidence, completed practical artifact, independent verification, safety/restoration record, and short professional report."
48,DAY_048,5,Web Foundations,Safety and quality review,"Browser Developer Tools And Web Security Basics — Safety, Quality, and Verification",foundation-to-intermediate,8,VS Code | Git | HTML/CSS/JavaScript | browser tools,"Complete a supervised applied lab for browser developer tools and web security basics, record expected versus observed results, diagnose one controlled fault, and restore the approved state.","Baseline evidence, completed practical artifact, independent verification, safety/restoration record, and short professional report."
49,DAY_049,5,Web Foundations,Integration and documentation,"Web Foundations — Integration, Documentation, and Handover",foundation-to-intermediate,8,VS Code | Git | HTML/CSS/JavaScript | browser tools,"Integrate the four web foundations skill areas into one reproducible workflow, diagram, checklist, evidence pack, and handover note.","Baseline evidence, completed practical artifact, independent verification, safety/restoration record, and short professional report."
50,DAY_050,5,Web Foundations,Assessment and presentation,Web Foundations — Assessment Project,foundation-to-intermediate,8,VS Code | Git | HTML/CSS/JavaScript | browser tools,"Plan, execute, verify, present, and safely close an assessment project covering the complete web foundations phase.","Assessment demonstration, reproducible project/equipment package, verification and restoration evidence, safety review, and professional report."
51,DAY_051,6,Frontend Application Development,Orientation and setup,Components Props And State — Foundations and Vocabulary,foundation-to-intermediate,8,VS Code | Git | React/Vue approved | Vite | Vitest/Jest | browser tools,"Explain and demonstrate components props and state through an authorized baseline, measurable check, documented failure mode, and independent verification.","Baseline evidence, completed practical artifact, independent verification, safety/restoration record, and short professional report."
52,DAY_052,6,Frontend Application Development,Concept development,Components Props And State — Applied Baseline Lab,foundation-to-intermediate,8,VS Code | Git | React/Vue approved | Vite | Vitest/Jest | browser tools,"Complete a supervised applied lab for components props and state, record expected versus observed results, diagnose one controlled fault, and restore the approved state.","Baseline evidence, completed practical artifact, independent verification, safety/restoration record, and short professional report."
53,DAY_053,6,Frontend Application Development,Guided laboratory,Routing Forms And Validation — Architecture and Components,foundation-to-intermediate,8,VS Code | Git | React/Vue approved | Vite | Vitest/Jest | browser tools,"Explain and demonstrate routing forms and validation through an authorized baseline, measurable check, documented failure mode, and independent verification.","Baseline evidence, completed practical artifact, independent verification, safety/restoration record, and short professional report."
54,DAY_054,6,Frontend Application Development,Guided laboratory,Routing Forms And Validation — Configuration Lab,foundation-to-intermediate,8,VS Code | Git | React/Vue approved | Vite | Vitest/Jest | browser tools,"Complete a supervised applied lab for routing forms and validation, record expected versus observed results, diagnose one controlled fault, and restore the approved state.","Baseline evidence, completed practical artifact, independent verification, safety/restoration record, and short professional report."
55,DAY_055,6,Frontend Application Development,Applied practice,Api Integration Loading And Errors — Design and Technique,foundation-to-intermediate,8,VS Code | Git | React/Vue approved | Vite | Vitest/Jest | browser tools,"Explain and demonstrate API integration loading and errors through an authorized baseline, measurable check, documented failure mode, and independent verification.","Baseline evidence, completed practical artifact, independent verification, safety/restoration record, and short professional report."
56,DAY_056,6,Frontend Application Development,Operations and measurement,Api Integration Loading And Errors — Operations and Measurement,foundation-to-intermediate,8,VS Code | Git | React/Vue approved | Vite | Vitest/Jest | browser tools,"Complete a supervised applied lab for API integration loading and errors, record expected versus observed results, diagnose one controlled fault, and restore the approved state.","Baseline evidence, completed practical artifact, independent verification, safety/restoration record, and short professional report."
57,DAY_057,6,Frontend Application Development,Troubleshooting laboratory,Frontend Testing Performance And Accessibility — Troubleshooting and Failure Modes,foundation-to-intermediate,8,VS Code | Git | React/Vue approved | Vite | Vitest/Jest | browser tools,"Explain and demonstrate frontend testing performance and accessibility through an authorized baseline, measurable check, documented failure mode, and independent verification.","Baseline evidence, completed practical artifact, independent verification, safety/restoration record, and short professional report."
58,DAY_058,6,Frontend Application Development,Safety and quality review,"Frontend Testing Performance And Accessibility — Safety, Quality, and Verification",foundation-to-intermediate,8,VS Code | Git | React/Vue approved | Vite | Vitest/Jest | browser tools,"Complete a supervised applied lab for frontend testing performance and accessibility, record expected versus observed results, diagnose one controlled fault, and restore the approved state.","Baseline evidence, completed practical artifact, independent verification, safety/restoration record, and short professional report."
59,DAY_059,6,Frontend Application Development,Integration and documentation,"Frontend Application Development — Integration, Documentation, and Handover",foundation-to-intermediate,8,VS Code | Git | React/Vue approved | Vite | Vitest/Jest | browser tools,"Integrate the four frontend application development skill areas into one reproducible workflow, diagram, checklist, evidence pack, and handover note.","Baseline evidence, completed practical artifact, independent verification, safety/restoration record, and short professional report."
60,DAY_060,6,Frontend Application Development,Assessment and presentation,Frontend Application Development — Assessment Project,foundation-to-intermediate,8,VS Code | Git | React/Vue approved | Vite | Vitest/Jest | browser tools,"Plan, execute, verify, present, and safely close an assessment project covering the complete frontend application development phase.","Assessment demonstration, reproducible project/equipment package, verification and restoration evidence, safety review, and professional report."
61,DAY_061,7,Backend and API Development,Orientation and setup,Server Architecture And Routing — Foundations and Vocabulary,foundation-to-intermediate,8,VS Code | Git | Node/Laravel/FastAPI approved | Postman/Bruno | test framework,"Explain and demonstrate server architecture and routing through an authorized baseline, measurable check, documented failure mode, and independent verification.","Baseline evidence, completed practical artifact, independent verification, safety/restoration record, and short professional report."
62,DAY_062,7,Backend and API Development,Concept development,Server Architecture And Routing — Applied Baseline Lab,foundation-to-intermediate,8,VS Code | Git | Node/Laravel/FastAPI approved | Postman/Bruno | test framework,"Complete a supervised applied lab for server architecture and routing, record expected versus observed results, diagnose one controlled fault, and restore the approved state.","Baseline evidence, completed practical artifact, independent verification, safety/restoration record, and short professional report."
63,DAY_063,7,Backend and API Development,Guided laboratory,Request Validation And Error Handling — Architecture and Components,foundation-to-intermediate,8,VS Code | Git | Node/Laravel/FastAPI approved | Postman/Bruno | test framework,"Explain and demonstrate request validation and error handling through an authorized baseline, measurable check, documented failure mode, and independent verification.","Baseline evidence, completed practical artifact, independent verification, safety/restoration record, and short professional report."
64,DAY_064,7,Backend and API Development,Guided laboratory,Request Validation And Error Handling — Configuration Lab,foundation-to-intermediate,8,VS Code | Git | Node/Laravel/FastAPI approved | Postman/Bruno | test framework,"Complete a supervised applied lab for request validation and error handling, record expected versus observed results, diagnose one controlled fault, and restore the approved state.","Baseline evidence, completed practical artifact, independent verification, safety/restoration record, and short professional report."
65,DAY_065,7,Backend and API Development,Applied practice,Rest Design Pagination And Versioning — Design and Technique,foundation-to-intermediate,8,VS Code | Git | Node/Laravel/FastAPI approved | Postman/Bruno | test framework,"Explain and demonstrate REST design pagination and versioning through an authorized baseline, measurable check, documented failure mode, and independent verification.","Baseline evidence, completed practical artifact, independent verification, safety/restoration record, and short professional report."
66,DAY_066,7,Backend and API Development,Operations and measurement,Rest Design Pagination And Versioning — Operations and Measurement,foundation-to-intermediate,8,VS Code | Git | Node/Laravel/FastAPI approved | Postman/Bruno | test framework,"Complete a supervised applied lab for REST design pagination and versioning, record expected versus observed results, diagnose one controlled fault, and restore the approved state.","Baseline evidence, completed practical artifact, independent verification, safety/restoration record, and short professional report."
67,DAY_067,7,Backend and API Development,Troubleshooting laboratory,Api Tests Documentation And Rate Limits — Troubleshooting and Failure Modes,foundation-to-intermediate,8,VS Code | Git | Node/Laravel/FastAPI approved | Postman/Bruno | test framework,"Explain and demonstrate API tests documentation and rate limits through an authorized baseline, measurable check, documented failure mode, and independent verification.","Baseline evidence, completed practical artifact, independent verification, safety/restoration record, and short professional report."
68,DAY_068,7,Backend and API Development,Safety and quality review,"Api Tests Documentation And Rate Limits — Safety, Quality, and Verification",foundation-to-intermediate,8,VS Code | Git | Node/Laravel/FastAPI approved | Postman/Bruno | test framework,"Complete a supervised applied lab for API tests documentation and rate limits, record expected versus observed results, diagnose one controlled fault, and restore the approved state.","Baseline evidence, completed practical artifact, independent verification, safety/restoration record, and short professional report."
69,DAY_069,7,Backend and API Development,Integration and documentation,"Backend and API Development — Integration, Documentation, and Handover",foundation-to-intermediate,8,VS Code | Git | Node/Laravel/FastAPI approved | Postman/Bruno | test framework,"Integrate the four backend and api development skill areas into one reproducible workflow, diagram, checklist, evidence pack, and handover note.","Baseline evidence, completed practical artifact, independent verification, safety/restoration record, and short professional report."
70,DAY_070,7,Backend and API Development,Assessment and presentation,Backend and API Development — Assessment Project,foundation-to-intermediate,8,VS Code | Git | Node/Laravel/FastAPI approved | Postman/Bruno | test framework,"Plan, execute, verify, present, and safely close an assessment project covering the complete backend and api development phase.","Assessment demonstration, reproducible project/equipment package, verification and restoration evidence, safety review, and professional report."
71,DAY_071,8,Relational Databases,Orientation and setup,Schema Design Keys And Normalization — Foundations and Vocabulary,foundation-to-intermediate,8,VS Code | Git | PostgreSQL/SQLite | SQL client | ORM,"Explain and demonstrate schema design keys and normalization through an authorized baseline, measurable check, documented failure mode, and independent verification.","Baseline evidence, completed practical artifact, independent verification, safety/restoration record, and short professional report."
72,DAY_072,8,Relational Databases,Concept development,Schema Design Keys And Normalization — Applied Baseline Lab,foundation-to-intermediate,8,VS Code | Git | PostgreSQL/SQLite | SQL client | ORM,"Complete a supervised applied lab for schema design keys and normalization, record expected versus observed results, diagnose one controlled fault, and restore the approved state.","Baseline evidence, completed practical artifact, independent verification, safety/restoration record, and short professional report."
73,DAY_073,8,Relational Databases,Guided laboratory,Sql Crud Joins And Transactions — Architecture and Components,foundation-to-intermediate,8,VS Code | Git | PostgreSQL/SQLite | SQL client | ORM,"Explain and demonstrate SQL CRUD joins and transactions through an authorized baseline, measurable check, documented failure mode, and independent verification.","Baseline evidence, completed practical artifact, independent verification, safety/restoration record, and short professional report."
74,DAY_074,8,Relational Databases,Guided laboratory,Sql Crud Joins And Transactions — Configuration Lab,foundation-to-intermediate,8,VS Code | Git | PostgreSQL/SQLite | SQL client | ORM,"Complete a supervised applied lab for SQL CRUD joins and transactions, record expected versus observed results, diagnose one controlled fault, and restore the approved state.","Baseline evidence, completed practical artifact, independent verification, safety/restoration record, and short professional report."
75,DAY_075,8,Relational Databases,Applied practice,Indexes Query Plans And Performance — Design and Technique,foundation-to-intermediate,8,VS Code | Git | PostgreSQL/SQLite | SQL client | ORM,"Explain and demonstrate indexes query plans and performance through an authorized baseline, measurable check, documented failure mode, and independent verification.","Baseline evidence, completed practical artifact, independent verification, safety/restoration record, and short professional report."
76,DAY_076,8,Relational Databases,Operations and measurement,Indexes Query Plans And Performance — Operations and Measurement,foundation-to-intermediate,8,VS Code | Git | PostgreSQL/SQLite | SQL client | ORM,"Complete a supervised applied lab for indexes query plans and performance, record expected versus observed results, diagnose one controlled fault, and restore the approved state.","Baseline evidence, completed practical artifact, independent verification, safety/restoration record, and short professional report."
77,DAY_077,8,Relational Databases,Troubleshooting laboratory,Migrations Backups And Access Control — Troubleshooting and Failure Modes,foundation-to-intermediate,8,VS Code | Git | PostgreSQL/SQLite | SQL client | ORM,"Explain and demonstrate migrations backups and access control through an authorized baseline, measurable check, documented failure mode, and independent verification.","Baseline evidence, completed practical artifact, independent verification, safety/restoration record, and short professional report."
78,DAY_078,8,Relational Databases,Safety and quality review,"Migrations Backups And Access Control — Safety, Quality, and Verification",foundation-to-intermediate,8,VS Code | Git | PostgreSQL/SQLite | SQL client | ORM,"Complete a supervised applied lab for migrations backups and access control, record expected versus observed results, diagnose one controlled fault, and restore the approved state.","Baseline evidence, completed practical artifact, independent verification, safety/restoration record, and short professional report."
79,DAY_079,8,Relational Databases,Integration and documentation,"Relational Databases — Integration, Documentation, and Handover",foundation-to-intermediate,8,VS Code | Git | PostgreSQL/SQLite | SQL client | ORM,"Integrate the four relational databases skill areas into one reproducible workflow, diagram, checklist, evidence pack, and handover note.","Baseline evidence, completed practical artifact, independent verification, safety/restoration record, and short professional report."
80,DAY_080,8,Relational Databases,Assessment and presentation,Relational Databases — Assessment Project,foundation-to-intermediate,8,VS Code | Git | PostgreSQL/SQLite | SQL client | ORM,"Plan, execute, verify, present, and safely close an assessment project covering the complete relational databases phase.","Assessment demonstration, reproducible project/equipment package, verification and restoration evidence, safety review, and professional report."
81,DAY_081,9,Authentication and Application Security,Orientation and setup,Password Hashing Sessions And Tokens — Foundations and Vocabulary,intermediate,8,VS Code | Git | local app | OWASP guidance | test tools,"Explain and demonstrate password hashing sessions and tokens through an authorized baseline, measurable check, documented failure mode, and independent verification.","Baseline evidence, completed practical artifact, independent verification, safety/restoration record, and short professional report."
82,DAY_082,9,Authentication and Application Security,Concept development,Password Hashing Sessions And Tokens — Applied Baseline Lab,intermediate,8,VS Code | Git | local app | OWASP guidance | test tools,"Complete a supervised applied lab for password hashing sessions and tokens, record expected versus observed results, diagnose one controlled fault, and restore the approved state.","Baseline evidence, completed practical artifact, independent verification, safety/restoration record, and short professional report."
83,DAY_083,9,Authentication and Application Security,Guided laboratory,Authorization Roles And Permissions — Architecture and Components,intermediate,8,VS Code | Git | local app | OWASP guidance | test tools,"Explain and demonstrate authorization roles and permissions through an authorized baseline, measurable check, documented failure mode, and independent verification.","Baseline evidence, completed practical artifact, independent verification, safety/restoration record, and short professional report."
84,DAY_084,9,Authentication and Application Security,Guided laboratory,Authorization Roles And Permissions — Configuration Lab,intermediate,8,VS Code | Git | local app | OWASP guidance | test tools,"Complete a supervised applied lab for authorization roles and permissions, record expected versus observed results, diagnose one controlled fault, and restore the approved state.","Baseline evidence, completed practical artifact, independent verification, safety/restoration record, and short professional report."
85,DAY_085,9,Authentication and Application Security,Applied practice,Input Validation Owasp Risks And Headers — Design and Technique,intermediate,8,VS Code | Git | local app | OWASP guidance | test tools,"Explain and demonstrate input validation OWASP risks and headers through an authorized baseline, measurable check, documented failure mode, and independent verification.","Baseline evidence, completed practical artifact, independent verification, safety/restoration record, and short professional report."
86,DAY_086,9,Authentication and Application Security,Operations and measurement,Input Validation Owasp Risks And Headers — Operations and Measurement,intermediate,8,VS Code | Git | local app | OWASP guidance | test tools,"Complete a supervised applied lab for input validation OWASP risks and headers, record expected versus observed results, diagnose one controlled fault, and restore the approved state.","Baseline evidence, completed practical artifact, independent verification, safety/restoration record, and short professional report."
87,DAY_087,9,Authentication and Application Security,Troubleshooting laboratory,Security Logging Secrets And Dependency Review — Troubleshooting and Failure Modes,intermediate,8,VS Code | Git | local app | OWASP guidance | test tools,"Explain and demonstrate security logging secrets and dependency review through an authorized baseline, measurable check, documented failure mode, and independent verification.","Baseline evidence, completed practical artifact, independent verification, safety/restoration record, and short professional report."
88,DAY_088,9,Authentication and Application Security,Safety and quality review,"Security Logging Secrets And Dependency Review — Safety, Quality, and Verification",intermediate,8,VS Code | Git | local app | OWASP guidance | test tools,"Complete a supervised applied lab for security logging secrets and dependency review, record expected versus observed results, diagnose one controlled fault, and restore the approved state.","Baseline evidence, completed practical artifact, independent verification, safety/restoration record, and short professional report."
89,DAY_089,9,Authentication and Application Security,Integration and documentation,"Authentication and Application Security — Integration, Documentation, and Handover",intermediate,8,VS Code | Git | local app | OWASP guidance | test tools,"Integrate the four authentication and application security skill areas into one reproducible workflow, diagram, checklist, evidence pack, and handover note.","Baseline evidence, completed practical artifact, independent verification, safety/restoration record, and short professional report."
90,DAY_090,9,Authentication and Application Security,Assessment and presentation,Authentication and Application Security — Assessment Project,intermediate,8,VS Code | Git | local app | OWASP guidance | test tools,"Plan, execute, verify, present, and safely close an assessment project covering the complete authentication and application security phase.","Assessment demonstration, reproducible project/equipment package, verification and restoration evidence, safety review, and professional report."
91,DAY_091,10,Testing and Quality Engineering,Orientation and setup,Unit Tests And Test Doubles — Foundations and Vocabulary,intermediate,8,VS Code | Git | pytest/Jest | Playwright/Cypress | linters | GitHub Actions local/approved,"Explain and demonstrate unit tests and test doubles through an authorized baseline, measurable check, documented failure mode, and independent verification.","Baseline evidence, completed practical artifact, independent verification, safety/restoration record, and short professional report."
92,DAY_092,10,Testing and Quality Engineering,Concept development,Unit Tests And Test Doubles — Applied Baseline Lab,intermediate,8,VS Code | Git | pytest/Jest | Playwright/Cypress | linters | GitHub Actions local/approved,"Complete a supervised applied lab for unit tests and test doubles, record expected versus observed results, diagnose one controlled fault, and restore the approved state.","Baseline evidence, completed practical artifact, independent verification, safety/restoration record, and short professional report."
93,DAY_093,10,Testing and Quality Engineering,Guided laboratory,Integration Api And Database Tests — Architecture and Components,intermediate,8,VS Code | Git | pytest/Jest | Playwright/Cypress | linters | GitHub Actions local/approved,"Explain and demonstrate integration API and database tests through an authorized baseline, measurable check, documented failure mode, and independent verification.","Baseline evidence, completed practical artifact, independent verification, safety/restoration record, and short professional report."
94,DAY_094,10,Testing and Quality Engineering,Guided laboratory,Integration Api And Database Tests — Configuration Lab,intermediate,8,VS Code | Git | pytest/Jest | Playwright/Cypress | linters | GitHub Actions local/approved,"Complete a supervised applied lab for integration API and database tests, record expected versus observed results, diagnose one controlled fault, and restore the approved state.","Baseline evidence, completed practical artifact, independent verification, safety/restoration record, and short professional report."
95,DAY_095,10,Testing and Quality Engineering,Applied practice,End-To-End And Acceptance Testing — Design and Technique,intermediate,8,VS Code | Git | pytest/Jest | Playwright/Cypress | linters | GitHub Actions local/approved,"Explain and demonstrate end-to-end and acceptance testing through an authorized baseline, measurable check, documented failure mode, and independent verification.","Baseline evidence, completed practical artifact, independent verification, safety/restoration record, and short professional report."
96,DAY_096,10,Testing and Quality Engineering,Operations and measurement,End-To-End And Acceptance Testing — Operations and Measurement,intermediate,8,VS Code | Git | pytest/Jest | Playwright/Cypress | linters | GitHub Actions local/approved,"Complete a supervised applied lab for end-to-end and acceptance testing, record expected versus observed results, diagnose one controlled fault, and restore the approved state.","Baseline evidence, completed practical artifact, independent verification, safety/restoration record, and short professional report."
97,DAY_097,10,Testing and Quality Engineering,Troubleshooting laboratory,Coverage Static Analysis And Quality Gates — Troubleshooting and Failure Modes,intermediate,8,VS Code | Git | pytest/Jest | Playwright/Cypress | linters | GitHub Actions local/approved,"Explain and demonstrate coverage static analysis and quality gates through an authorized baseline, measurable check, documented failure mode, and independent verification.","Baseline evidence, completed practical artifact, independent verification, safety/restoration record, and short professional report."
98,DAY_098,10,Testing and Quality Engineering,Safety and quality review,"Coverage Static Analysis And Quality Gates — Safety, Quality, and Verification",intermediate,8,VS Code | Git | pytest/Jest | Playwright/Cypress | linters | GitHub Actions local/approved,"Complete a supervised applied lab for coverage static analysis and quality gates, record expected versus observed results, diagnose one controlled fault, and restore the approved state.","Baseline evidence, completed practical artifact, independent verification, safety/restoration record, and short professional report."
99,DAY_099,10,Testing and Quality Engineering,Integration and documentation,"Testing and Quality Engineering — Integration, Documentation, and Handover",intermediate,8,VS Code | Git | pytest/Jest | Playwright/Cypress | linters | GitHub Actions local/approved,"Integrate the four testing and quality engineering skill areas into one reproducible workflow, diagram, checklist, evidence pack, and handover note.","Baseline evidence, completed practical artifact, independent verification, safety/restoration record, and short professional report."
100,DAY_100,10,Testing and Quality Engineering,Assessment and presentation,Testing and Quality Engineering — Assessment Project,intermediate,8,VS Code | Git | pytest/Jest | Playwright/Cypress | linters | GitHub Actions local/approved,"Plan, execute, verify, present, and safely close an assessment project covering the complete testing and quality engineering phase.","Assessment demonstration, reproducible project/equipment package, verification and restoration evidence, safety review, and professional report."
101,DAY_101,11,Software Architecture and Patterns,Orientation and setup,Layered And Modular Architecture — Foundations and Vocabulary,intermediate,8,VS Code | Git | diagramming tools | language frameworks | local message broker,"Explain and demonstrate layered and modular architecture through an authorized baseline, measurable check, documented failure mode, and independent verification.","Baseline evidence, completed practical artifact, independent verification, safety/restoration record, and short professional report."
102,DAY_102,11,Software Architecture and Patterns,Concept development,Layered And Modular Architecture — Applied Baseline Lab,intermediate,8,VS Code | Git | diagramming tools | language frameworks | local message broker,"Complete a supervised applied lab for layered and modular architecture, record expected versus observed results, diagnose one controlled fault, and restore the approved state.","Baseline evidence, completed practical artifact, independent verification, safety/restoration record, and short professional report."
103,DAY_103,11,Software Architecture and Patterns,Guided laboratory,Design Patterns And Tradeoffs — Architecture and Components,intermediate,8,VS Code | Git | diagramming tools | language frameworks | local message broker,"Explain and demonstrate design patterns and tradeoffs through an authorized baseline, measurable check, documented failure mode, and independent verification.","Baseline evidence, completed practical artifact, independent verification, safety/restoration record, and short professional report."
104,DAY_104,11,Software Architecture and Patterns,Guided laboratory,Design Patterns And Tradeoffs — Configuration Lab,intermediate,8,VS Code | Git | diagramming tools | language frameworks | local message broker,"Complete a supervised applied lab for design patterns and tradeoffs, record expected versus observed results, diagnose one controlled fault, and restore the approved state.","Baseline evidence, completed practical artifact, independent verification, safety/restoration record, and short professional report."
105,DAY_105,11,Software Architecture and Patterns,Applied practice,Events Queues And Background Jobs — Design and Technique,intermediate,8,VS Code | Git | diagramming tools | language frameworks | local message broker,"Explain and demonstrate events queues and background jobs through an authorized baseline, measurable check, documented failure mode, and independent verification.","Baseline evidence, completed practical artifact, independent verification, safety/restoration record, and short professional report."
106,DAY_106,11,Software Architecture and Patterns,Operations and measurement,Events Queues And Background Jobs — Operations and Measurement,intermediate,8,VS Code | Git | diagramming tools | language frameworks | local message broker,"Complete a supervised applied lab for events queues and background jobs, record expected versus observed results, diagnose one controlled fault, and restore the approved state.","Baseline evidence, completed practical artifact, independent verification, safety/restoration record, and short professional report."
107,DAY_107,11,Software Architecture and Patterns,Troubleshooting laboratory,Architecture Decisions And Diagrams — Troubleshooting and Failure Modes,intermediate,8,VS Code | Git | diagramming tools | language frameworks | local message broker,"Explain and demonstrate architecture decisions and diagrams through an authorized baseline, measurable check, documented failure mode, and independent verification.","Baseline evidence, completed practical artifact, independent verification, safety/restoration record, and short professional report."
108,DAY_108,11,Software Architecture and Patterns,Safety and quality review,"Architecture Decisions And Diagrams — Safety, Quality, and Verification",intermediate,8,VS Code | Git | diagramming tools | language frameworks | local message broker,"Complete a supervised applied lab for architecture decisions and diagrams, record expected versus observed results, diagnose one controlled fault, and restore the approved state.","Baseline evidence, completed practical artifact, independent verification, safety/restoration record, and short professional report."
109,DAY_109,11,Software Architecture and Patterns,Integration and documentation,"Software Architecture and Patterns — Integration, Documentation, and Handover",intermediate,8,VS Code | Git | diagramming tools | language frameworks | local message broker,"Integrate the four software architecture and patterns skill areas into one reproducible workflow, diagram, checklist, evidence pack, and handover note.","Baseline evidence, completed practical artifact, independent verification, safety/restoration record, and short professional report."
110,DAY_110,11,Software Architecture and Patterns,Assessment and presentation,Software Architecture and Patterns — Assessment Project,intermediate,8,VS Code | Git | diagramming tools | language frameworks | local message broker,"Plan, execute, verify, present, and safely close an assessment project covering the complete software architecture and patterns phase.","Assessment demonstration, reproducible project/equipment package, verification and restoration evidence, safety review, and professional report."
111,DAY_111,12,DevOps and Containers,Orientation and setup,Dockerfiles Images And Runtime — Foundations and Vocabulary,intermediate,8,VS Code | Git | Docker | GitHub Actions approved | local registry,"Explain and demonstrate Dockerfiles images and runtime through an authorized baseline, measurable check, documented failure mode, and independent verification.","Baseline evidence, completed practical artifact, independent verification, safety/restoration record, and short professional report."
112,DAY_112,12,DevOps and Containers,Concept development,Dockerfiles Images And Runtime — Applied Baseline Lab,intermediate,8,VS Code | Git | Docker | GitHub Actions approved | local registry,"Complete a supervised applied lab for Dockerfiles images and runtime, record expected versus observed results, diagnose one controlled fault, and restore the approved state.","Baseline evidence, completed practical artifact, independent verification, safety/restoration record, and short professional report."
113,DAY_113,12,DevOps and Containers,Guided laboratory,Compose Application Stacks — Architecture and Components,intermediate,8,VS Code | Git | Docker | GitHub Actions approved | local registry,"Explain and demonstrate Compose application stacks through an authorized baseline, measurable check, documented failure mode, and independent verification.","Baseline evidence, completed practical artifact, independent verification, safety/restoration record, and short professional report."
114,DAY_114,12,DevOps and Containers,Guided laboratory,Compose Application Stacks — Configuration Lab,intermediate,8,VS Code | Git | Docker | GitHub Actions approved | local registry,"Complete a supervised applied lab for Compose application stacks, record expected versus observed results, diagnose one controlled fault, and restore the approved state.","Baseline evidence, completed practical artifact, independent verification, safety/restoration record, and short professional report."
115,DAY_115,12,DevOps and Containers,Applied practice,Ci Build Test And Scan — Design and Technique,intermediate,8,VS Code | Git | Docker | GitHub Actions approved | local registry,"Explain and demonstrate CI build test and scan through an authorized baseline, measurable check, documented failure mode, and independent verification.","Baseline evidence, completed practical artifact, independent verification, safety/restoration record, and short professional report."
116,DAY_116,12,DevOps and Containers,Operations and measurement,Ci Build Test And Scan — Operations and Measurement,intermediate,8,VS Code | Git | Docker | GitHub Actions approved | local registry,"Complete a supervised applied lab for CI build test and scan, record expected versus observed results, diagnose one controlled fault, and restore the approved state.","Baseline evidence, completed practical artifact, independent verification, safety/restoration record, and short professional report."
117,DAY_117,12,DevOps and Containers,Troubleshooting laboratory,Configuration Health Checks And Deployment Gates — Troubleshooting and Failure Modes,intermediate,8,VS Code | Git | Docker | GitHub Actions approved | local registry,"Explain and demonstrate configuration health checks and deployment gates through an authorized baseline, measurable check, documented failure mode, and independent verification.","Baseline evidence, completed practical artifact, independent verification, safety/restoration record, and short professional report."
118,DAY_118,12,DevOps and Containers,Safety and quality review,"Configuration Health Checks And Deployment Gates — Safety, Quality, and Verification",intermediate,8,VS Code | Git | Docker | GitHub Actions approved | local registry,"Complete a supervised applied lab for configuration health checks and deployment gates, record expected versus observed results, diagnose one controlled fault, and restore the approved state.","Baseline evidence, completed practical artifact, independent verification, safety/restoration record, and short professional report."
119,DAY_119,12,DevOps and Containers,Integration and documentation,"DevOps and Containers — Integration, Documentation, and Handover",intermediate,8,VS Code | Git | Docker | GitHub Actions approved | local registry,"Integrate the four devops and containers skill areas into one reproducible workflow, diagram, checklist, evidence pack, and handover note.","Baseline evidence, completed practical artifact, independent verification, safety/restoration record, and short professional report."
120,DAY_120,12,DevOps and Containers,Assessment and presentation,DevOps and Containers — Assessment Project,intermediate,8,VS Code | Git | Docker | GitHub Actions approved | local registry,"Plan, execute, verify, present, and safely close an assessment project covering the complete devops and containers phase.","Assessment demonstration, reproducible project/equipment package, verification and restoration evidence, safety review, and professional report."
121,DAY_121,13,Cloud-Native and Distributed Systems,Orientation and setup,Service Boundaries And Apis — Foundations and Vocabulary,intermediate,8,VS Code | Git | Docker | local Kubernetes optional | Redis/RabbitMQ local | OpenTelemetry,"Explain and demonstrate service boundaries and APIs through an authorized baseline, measurable check, documented failure mode, and independent verification.","Baseline evidence, completed practical artifact, independent verification, safety/restoration record, and short professional report."
122,DAY_122,13,Cloud-Native and Distributed Systems,Concept development,Service Boundaries And Apis — Applied Baseline Lab,intermediate,8,VS Code | Git | Docker | local Kubernetes optional | Redis/RabbitMQ local | OpenTelemetry,"Complete a supervised applied lab for service boundaries and APIs, record expected versus observed results, diagnose one controlled fault, and restore the approved state.","Baseline evidence, completed practical artifact, independent verification, safety/restoration record, and short professional report."
123,DAY_123,13,Cloud-Native and Distributed Systems,Guided laboratory,Resilience Timeouts Retries And Idempotency — Architecture and Components,intermediate,8,VS Code | Git | Docker | local Kubernetes optional | Redis/RabbitMQ local | OpenTelemetry,"Explain and demonstrate resilience timeouts retries and idempotency through an authorized baseline, measurable check, documented failure mode, and independent verification.","Baseline evidence, completed practical artifact, independent verification, safety/restoration record, and short professional report."
124,DAY_124,13,Cloud-Native and Distributed Systems,Guided laboratory,Resilience Timeouts Retries And Idempotency — Configuration Lab,intermediate,8,VS Code | Git | Docker | local Kubernetes optional | Redis/RabbitMQ local | OpenTelemetry,"Complete a supervised applied lab for resilience timeouts retries and idempotency, record expected versus observed results, diagnose one controlled fault, and restore the approved state.","Baseline evidence, completed practical artifact, independent verification, safety/restoration record, and short professional report."
125,DAY_125,13,Cloud-Native and Distributed Systems,Applied practice,Caching Messaging And Consistency — Design and Technique,intermediate,8,VS Code | Git | Docker | local Kubernetes optional | Redis/RabbitMQ local | OpenTelemetry,"Explain and demonstrate caching messaging and consistency through an authorized baseline, measurable check, documented failure mode, and independent verification.","Baseline evidence, completed practical artifact, independent verification, safety/restoration record, and short professional report."
126,DAY_126,13,Cloud-Native and Distributed Systems,Operations and measurement,Caching Messaging And Consistency — Operations and Measurement,intermediate,8,VS Code | Git | Docker | local Kubernetes optional | Redis/RabbitMQ local | OpenTelemetry,"Complete a supervised applied lab for caching messaging and consistency, record expected versus observed results, diagnose one controlled fault, and restore the approved state.","Baseline evidence, completed practical artifact, independent verification, safety/restoration record, and short professional report."
127,DAY_127,13,Cloud-Native and Distributed Systems,Troubleshooting laboratory,Observability And Distributed Tracing — Troubleshooting and Failure Modes,intermediate,8,VS Code | Git | Docker | local Kubernetes optional | Redis/RabbitMQ local | OpenTelemetry,"Explain and demonstrate observability and distributed tracing through an authorized baseline, measurable check, documented failure mode, and independent verification.","Baseline evidence, completed practical artifact, independent verification, safety/restoration record, and short professional report."
128,DAY_128,13,Cloud-Native and Distributed Systems,Safety and quality review,"Observability And Distributed Tracing — Safety, Quality, and Verification",intermediate,8,VS Code | Git | Docker | local Kubernetes optional | Redis/RabbitMQ local | OpenTelemetry,"Complete a supervised applied lab for observability and distributed tracing, record expected versus observed results, diagnose one controlled fault, and restore the approved state.","Baseline evidence, completed practical artifact, independent verification, safety/restoration record, and short professional report."
129,DAY_129,13,Cloud-Native and Distributed Systems,Integration and documentation,"Cloud-Native and Distributed Systems — Integration, Documentation, and Handover",intermediate,8,VS Code | Git | Docker | local Kubernetes optional | Redis/RabbitMQ local | OpenTelemetry,"Integrate the four cloud-native and distributed systems skill areas into one reproducible workflow, diagram, checklist, evidence pack, and handover note.","Baseline evidence, completed practical artifact, independent verification, safety/restoration record, and short professional report."
130,DAY_130,13,Cloud-Native and Distributed Systems,Assessment and presentation,Cloud-Native and Distributed Systems — Assessment Project,intermediate,8,VS Code | Git | Docker | local Kubernetes optional | Redis/RabbitMQ local | OpenTelemetry,"Plan, execute, verify, present, and safely close an assessment project covering the complete cloud-native and distributed systems phase.","Assessment demonstration, reproducible project/equipment package, verification and restoration evidence, safety review, and professional report."
131,DAY_131,14,Mobile and Cross-Platform Concepts,Orientation and setup,Mobile Ui Navigation And State — Foundations and Vocabulary,intermediate-to-advanced,8,VS Code | Git | Flutter/React Native approved | emulator,"Explain and demonstrate mobile UI navigation and state through an authorized baseline, measurable check, documented failure mode, and independent verification.","Baseline evidence, completed practical artifact, independent verification, safety/restoration record, and short professional report."
132,DAY_132,14,Mobile and Cross-Platform Concepts,Concept development,Mobile Ui Navigation And State — Applied Baseline Lab,intermediate-to-advanced,8,VS Code | Git | Flutter/React Native approved | emulator,"Complete a supervised applied lab for mobile UI navigation and state, record expected versus observed results, diagnose one controlled fault, and restore the approved state.","Baseline evidence, completed practical artifact, independent verification, safety/restoration record, and short professional report."
133,DAY_133,14,Mobile and Cross-Platform Concepts,Guided laboratory,Device Permissions Storage And Privacy — Architecture and Components,intermediate-to-advanced,8,VS Code | Git | Flutter/React Native approved | emulator,"Explain and demonstrate device permissions storage and privacy through an authorized baseline, measurable check, documented failure mode, and independent verification.","Baseline evidence, completed practical artifact, independent verification, safety/restoration record, and short professional report."
134,DAY_134,14,Mobile and Cross-Platform Concepts,Guided laboratory,Device Permissions Storage And Privacy — Configuration Lab,intermediate-to-advanced,8,VS Code | Git | Flutter/React Native approved | emulator,"Complete a supervised applied lab for device permissions storage and privacy, record expected versus observed results, diagnose one controlled fault, and restore the approved state.","Baseline evidence, completed practical artifact, independent verification, safety/restoration record, and short professional report."
135,DAY_135,14,Mobile and Cross-Platform Concepts,Applied practice,Api Integration Offline Behavior — Design and Technique,intermediate-to-advanced,8,VS Code | Git | Flutter/React Native approved | emulator,"Explain and demonstrate API integration offline behavior through an authorized baseline, measurable check, documented failure mode, and independent verification.","Baseline evidence, completed practical artifact, independent verification, safety/restoration record, and short professional report."
136,DAY_136,14,Mobile and Cross-Platform Concepts,Operations and measurement,Api Integration Offline Behavior — Operations and Measurement,intermediate-to-advanced,8,VS Code | Git | Flutter/React Native approved | emulator,"Complete a supervised applied lab for API integration offline behavior, record expected versus observed results, diagnose one controlled fault, and restore the approved state.","Baseline evidence, completed practical artifact, independent verification, safety/restoration record, and short professional report."
137,DAY_137,14,Mobile and Cross-Platform Concepts,Troubleshooting laboratory,Mobile Testing Packaging And Release Controls — Troubleshooting and Failure Modes,intermediate-to-advanced,8,VS Code | Git | Flutter/React Native approved | emulator,"Explain and demonstrate mobile testing packaging and release controls through an authorized baseline, measurable check, documented failure mode, and independent verification.","Baseline evidence, completed practical artifact, independent verification, safety/restoration record, and short professional report."
138,DAY_138,14,Mobile and Cross-Platform Concepts,Safety and quality review,"Mobile Testing Packaging And Release Controls — Safety, Quality, and Verification",intermediate-to-advanced,8,VS Code | Git | Flutter/React Native approved | emulator,"Complete a supervised applied lab for mobile testing packaging and release controls, record expected versus observed results, diagnose one controlled fault, and restore the approved state.","Baseline evidence, completed practical artifact, independent verification, safety/restoration record, and short professional report."
139,DAY_139,14,Mobile and Cross-Platform Concepts,Integration and documentation,"Mobile and Cross-Platform Concepts — Integration, Documentation, and Handover",intermediate-to-advanced,8,VS Code | Git | Flutter/React Native approved | emulator,"Integrate the four mobile and cross-platform concepts skill areas into one reproducible workflow, diagram, checklist, evidence pack, and handover note.","Baseline evidence, completed practical artifact, independent verification, safety/restoration record, and short professional report."
140,DAY_140,14,Mobile and Cross-Platform Concepts,Assessment and presentation,Mobile and Cross-Platform Concepts — Assessment Project,intermediate-to-advanced,8,VS Code | Git | Flutter/React Native approved | emulator,"Plan, execute, verify, present, and safely close an assessment project covering the complete mobile and cross-platform concepts phase.","Assessment demonstration, reproducible project/equipment package, verification and restoration evidence, safety review, and professional report."
141,DAY_141,15,Performance and Reliability,Orientation and setup,Profiling Cpu Memory And I/O — Foundations and Vocabulary,intermediate-to-advanced,8,VS Code | Git | profilers | local load tools | monitoring stack,"Explain and demonstrate profiling CPU memory and I/O through an authorized baseline, measurable check, documented failure mode, and independent verification.","Baseline evidence, completed practical artifact, independent verification, safety/restoration record, and short professional report."
142,DAY_142,15,Performance and Reliability,Concept development,Profiling Cpu Memory And I/O — Applied Baseline Lab,intermediate-to-advanced,8,VS Code | Git | profilers | local load tools | monitoring stack,"Complete a supervised applied lab for profiling CPU memory and I/O, record expected versus observed results, diagnose one controlled fault, and restore the approved state.","Baseline evidence, completed practical artifact, independent verification, safety/restoration record, and short professional report."
143,DAY_143,15,Performance and Reliability,Guided laboratory,Database And Api Performance — Architecture and Components,intermediate-to-advanced,8,VS Code | Git | profilers | local load tools | monitoring stack,"Explain and demonstrate database and API performance through an authorized baseline, measurable check, documented failure mode, and independent verification.","Baseline evidence, completed practical artifact, independent verification, safety/restoration record, and short professional report."
144,DAY_144,15,Performance and Reliability,Guided laboratory,Database And Api Performance — Configuration Lab,intermediate-to-advanced,8,VS Code | Git | profilers | local load tools | monitoring stack,"Complete a supervised applied lab for database and API performance, record expected versus observed results, diagnose one controlled fault, and restore the approved state.","Baseline evidence, completed practical artifact, independent verification, safety/restoration record, and short professional report."
145,DAY_145,15,Performance and Reliability,Applied practice,Caching Concurrency And Load Concepts — Design and Technique,intermediate-to-advanced,8,VS Code | Git | profilers | local load tools | monitoring stack,"Explain and demonstrate caching concurrency and load concepts through an authorized baseline, measurable check, documented failure mode, and independent verification.","Baseline evidence, completed practical artifact, independent verification, safety/restoration record, and short professional report."
146,DAY_146,15,Performance and Reliability,Operations and measurement,Caching Concurrency And Load Concepts — Operations and Measurement,intermediate-to-advanced,8,VS Code | Git | profilers | local load tools | monitoring stack,"Complete a supervised applied lab for caching concurrency and load concepts, record expected versus observed results, diagnose one controlled fault, and restore the approved state.","Baseline evidence, completed practical artifact, independent verification, safety/restoration record, and short professional report."
147,DAY_147,15,Performance and Reliability,Troubleshooting laboratory,Slos Monitoring And Incident Response — Troubleshooting and Failure Modes,intermediate-to-advanced,8,VS Code | Git | profilers | local load tools | monitoring stack,"Explain and demonstrate SLOs monitoring and incident response through an authorized baseline, measurable check, documented failure mode, and independent verification.","Baseline evidence, completed practical artifact, independent verification, safety/restoration record, and short professional report."
148,DAY_148,15,Performance and Reliability,Safety and quality review,"Slos Monitoring And Incident Response — Safety, Quality, and Verification",intermediate-to-advanced,8,VS Code | Git | profilers | local load tools | monitoring stack,"Complete a supervised applied lab for SLOs monitoring and incident response, record expected versus observed results, diagnose one controlled fault, and restore the approved state.","Baseline evidence, completed practical artifact, independent verification, safety/restoration record, and short professional report."
149,DAY_149,15,Performance and Reliability,Integration and documentation,"Performance and Reliability — Integration, Documentation, and Handover",intermediate-to-advanced,8,VS Code | Git | profilers | local load tools | monitoring stack,"Integrate the four performance and reliability skill areas into one reproducible workflow, diagram, checklist, evidence pack, and handover note.","Baseline evidence, completed practical artifact, independent verification, safety/restoration record, and short professional report."
150,DAY_150,15,Performance and Reliability,Assessment and presentation,Performance and Reliability — Assessment Project,intermediate-to-advanced,8,VS Code | Git | profilers | local load tools | monitoring stack,"Plan, execute, verify, present, and safely close an assessment project covering the complete performance and reliability phase.","Assessment demonstration, reproducible project/equipment package, verification and restoration evidence, safety review, and professional report."
151,DAY_151,16,"Requirements, UX, and Product Delivery",Orientation and setup,Stakeholders User Stories And Acceptance — Foundations and Vocabulary,intermediate-to-advanced,8,VS Code | Git | issue tracker | diagramming/prototype tools | documentation,"Explain and demonstrate stakeholders user stories and acceptance through an authorized baseline, measurable check, documented failure mode, and independent verification.","Baseline evidence, completed practical artifact, independent verification, safety/restoration record, and short professional report."
152,DAY_152,16,"Requirements, UX, and Product Delivery",Concept development,Stakeholders User Stories And Acceptance — Applied Baseline Lab,intermediate-to-advanced,8,VS Code | Git | issue tracker | diagramming/prototype tools | documentation,"Complete a supervised applied lab for stakeholders user stories and acceptance, record expected versus observed results, diagnose one controlled fault, and restore the approved state.","Baseline evidence, completed practical artifact, independent verification, safety/restoration record, and short professional report."
153,DAY_153,16,"Requirements, UX, and Product Delivery",Guided laboratory,Requirements Validation And Traceability — Architecture and Components,intermediate-to-advanced,8,VS Code | Git | issue tracker | diagramming/prototype tools | documentation,"Explain and demonstrate requirements validation and traceability through an authorized baseline, measurable check, documented failure mode, and independent verification.","Baseline evidence, completed practical artifact, independent verification, safety/restoration record, and short professional report."
154,DAY_154,16,"Requirements, UX, and Product Delivery",Guided laboratory,Requirements Validation And Traceability — Configuration Lab,intermediate-to-advanced,8,VS Code | Git | issue tracker | diagramming/prototype tools | documentation,"Complete a supervised applied lab for requirements validation and traceability, record expected versus observed results, diagnose one controlled fault, and restore the approved state.","Baseline evidence, completed practical artifact, independent verification, safety/restoration record, and short professional report."
155,DAY_155,16,"Requirements, UX, and Product Delivery",Applied practice,Ux Research Prototypes And Accessibility — Design and Technique,intermediate-to-advanced,8,VS Code | Git | issue tracker | diagramming/prototype tools | documentation,"Explain and demonstrate UX research prototypes and accessibility through an authorized baseline, measurable check, documented failure mode, and independent verification.","Baseline evidence, completed practical artifact, independent verification, safety/restoration record, and short professional report."
156,DAY_156,16,"Requirements, UX, and Product Delivery",Operations and measurement,Ux Research Prototypes And Accessibility — Operations and Measurement,intermediate-to-advanced,8,VS Code | Git | issue tracker | diagramming/prototype tools | documentation,"Complete a supervised applied lab for UX research prototypes and accessibility, record expected versus observed results, diagnose one controlled fault, and restore the approved state.","Baseline evidence, completed practical artifact, independent verification, safety/restoration record, and short professional report."
157,DAY_157,16,"Requirements, UX, and Product Delivery",Troubleshooting laboratory,Planning Estimation Demos And Feedback — Troubleshooting and Failure Modes,intermediate-to-advanced,8,VS Code | Git | issue tracker | diagramming/prototype tools | documentation,"Explain and demonstrate planning estimation demos and feedback through an authorized baseline, measurable check, documented failure mode, and independent verification.","Baseline evidence, completed practical artifact, independent verification, safety/restoration record, and short professional report."
158,DAY_158,16,"Requirements, UX, and Product Delivery",Safety and quality review,"Planning Estimation Demos And Feedback — Safety, Quality, and Verification",intermediate-to-advanced,8,VS Code | Git | issue tracker | diagramming/prototype tools | documentation,"Complete a supervised applied lab for planning estimation demos and feedback, record expected versus observed results, diagnose one controlled fault, and restore the approved state.","Baseline evidence, completed practical artifact, independent verification, safety/restoration record, and short professional report."
159,DAY_159,16,"Requirements, UX, and Product Delivery",Integration and documentation,"Requirements, UX, and Product Delivery — Integration, Documentation, and Handover",intermediate-to-advanced,8,VS Code | Git | issue tracker | diagramming/prototype tools | documentation,"Integrate the four requirements, ux, and product delivery skill areas into one reproducible workflow, diagram, checklist, evidence pack, and handover note.","Baseline evidence, completed practical artifact, independent verification, safety/restoration record, and short professional report."
160,DAY_160,16,"Requirements, UX, and Product Delivery",Assessment and presentation,"Requirements, UX, and Product Delivery — Assessment Project",intermediate-to-advanced,8,VS Code | Git | issue tracker | diagramming/prototype tools | documentation,"Plan, execute, verify, present, and safely close an assessment project covering the complete requirements, ux, and product delivery phase.","Assessment demonstration, reproducible project/equipment package, verification and restoration evidence, safety review, and professional report."
161,DAY_161,17,"Maintenance, Legacy Systems, and Governance",Orientation and setup,Code Review And Technical Debt — Foundations and Vocabulary,intermediate-to-advanced,8,VS Code | Git | dependency scanners | test tools | documentation,"Explain and demonstrate code review and technical debt through an authorized baseline, measurable check, documented failure mode, and independent verification.","Baseline evidence, completed practical artifact, independent verification, safety/restoration record, and short professional report."
162,DAY_162,17,"Maintenance, Legacy Systems, and Governance",Concept development,Code Review And Technical Debt — Applied Baseline Lab,intermediate-to-advanced,8,VS Code | Git | dependency scanners | test tools | documentation,"Complete a supervised applied lab for code review and technical debt, record expected versus observed results, diagnose one controlled fault, and restore the approved state.","Baseline evidence, completed practical artifact, independent verification, safety/restoration record, and short professional report."
163,DAY_163,17,"Maintenance, Legacy Systems, and Governance",Guided laboratory,Safe Refactoring And Migration — Architecture and Components,intermediate-to-advanced,8,VS Code | Git | dependency scanners | test tools | documentation,"Explain and demonstrate safe refactoring and migration through an authorized baseline, measurable check, documented failure mode, and independent verification.","Baseline evidence, completed practical artifact, independent verification, safety/restoration record, and short professional report."
164,DAY_164,17,"Maintenance, Legacy Systems, and Governance",Guided laboratory,Safe Refactoring And Migration — Configuration Lab,intermediate-to-advanced,8,VS Code | Git | dependency scanners | test tools | documentation,"Complete a supervised applied lab for safe refactoring and migration, record expected versus observed results, diagnose one controlled fault, and restore the approved state.","Baseline evidence, completed practical artifact, independent verification, safety/restoration record, and short professional report."
165,DAY_165,17,"Maintenance, Legacy Systems, and Governance",Applied practice,Licensing Supply Chain And Sbom — Design and Technique,intermediate-to-advanced,8,VS Code | Git | dependency scanners | test tools | documentation,"Explain and demonstrate licensing supply chain and SBOM through an authorized baseline, measurable check, documented failure mode, and independent verification.","Baseline evidence, completed practical artifact, independent verification, safety/restoration record, and short professional report."
166,DAY_166,17,"Maintenance, Legacy Systems, and Governance",Operations and measurement,Licensing Supply Chain And Sbom — Operations and Measurement,intermediate-to-advanced,8,VS Code | Git | dependency scanners | test tools | documentation,"Complete a supervised applied lab for licensing supply chain and SBOM, record expected versus observed results, diagnose one controlled fault, and restore the approved state.","Baseline evidence, completed practical artifact, independent verification, safety/restoration record, and short professional report."
167,DAY_167,17,"Maintenance, Legacy Systems, and Governance",Troubleshooting laboratory,Release Rollback Support And Handover — Troubleshooting and Failure Modes,intermediate-to-advanced,8,VS Code | Git | dependency scanners | test tools | documentation,"Explain and demonstrate release rollback support and handover through an authorized baseline, measurable check, documented failure mode, and independent verification.","Baseline evidence, completed practical artifact, independent verification, safety/restoration record, and short professional report."
168,DAY_168,17,"Maintenance, Legacy Systems, and Governance",Safety and quality review,"Release Rollback Support And Handover — Safety, Quality, and Verification",intermediate-to-advanced,8,VS Code | Git | dependency scanners | test tools | documentation,"Complete a supervised applied lab for release rollback support and handover, record expected versus observed results, diagnose one controlled fault, and restore the approved state.","Baseline evidence, completed practical artifact, independent verification, safety/restoration record, and short professional report."
169,DAY_169,17,"Maintenance, Legacy Systems, and Governance",Integration and documentation,"Maintenance, Legacy Systems, and Governance — Integration, Documentation, and Handover",intermediate-to-advanced,8,VS Code | Git | dependency scanners | test tools | documentation,"Integrate the four maintenance, legacy systems, and governance skill areas into one reproducible workflow, diagram, checklist, evidence pack, and handover note.","Baseline evidence, completed practical artifact, independent verification, safety/restoration record, and short professional report."
170,DAY_170,17,"Maintenance, Legacy Systems, and Governance",Assessment and presentation,"Maintenance, Legacy Systems, and Governance — Assessment Project",intermediate-to-advanced,8,VS Code | Git | dependency scanners | test tools | documentation,"Plan, execute, verify, present, and safely close an assessment project covering the complete maintenance, legacy systems, and governance phase.","Assessment demonstration, reproducible project/equipment package, verification and restoration evidence, safety review, and professional report."
171,DAY_171,18,Software Capstone and Career Readiness,Orientation and setup,Capstone Requirements And Architecture — Foundations and Vocabulary,capstone,8,VS Code | Git | full approved stack | Docker | presentation tools,"Explain and demonstrate capstone requirements and architecture through an authorized baseline, measurable check, documented failure mode, and independent verification.","Baseline evidence, completed practical artifact, independent verification, safety/restoration record, and short professional report."
172,DAY_172,18,Software Capstone and Career Readiness,Concept development,Capstone Requirements And Architecture — Applied Baseline Lab,capstone,8,VS Code | Git | full approved stack | Docker | presentation tools,"Complete a supervised applied lab for capstone requirements and architecture, record expected versus observed results, diagnose one controlled fault, and restore the approved state.","Baseline evidence, completed practical artifact, independent verification, safety/restoration record, and short professional report."
173,DAY_173,18,Software Capstone and Career Readiness,Guided laboratory,Secure Implementation And Tests — Architecture and Components,capstone,8,VS Code | Git | full approved stack | Docker | presentation tools,"Explain and demonstrate secure implementation and tests through an authorized baseline, measurable check, documented failure mode, and independent verification.","Baseline evidence, completed practical artifact, independent verification, safety/restoration record, and short professional report."
174,DAY_174,18,Software Capstone and Career Readiness,Guided laboratory,Secure Implementation And Tests — Configuration Lab,capstone,8,VS Code | Git | full approved stack | Docker | presentation tools,"Complete a supervised applied lab for secure implementation and tests, record expected versus observed results, diagnose one controlled fault, and restore the approved state.","Baseline evidence, completed practical artifact, independent verification, safety/restoration record, and short professional report."
175,DAY_175,18,Software Capstone and Career Readiness,Applied practice,Deployment Monitoring And Documentation — Design and Technique,capstone,8,VS Code | Git | full approved stack | Docker | presentation tools,"Explain and demonstrate deployment monitoring and documentation through an authorized baseline, measurable check, documented failure mode, and independent verification.","Baseline evidence, completed practical artifact, independent verification, safety/restoration record, and short professional report."
176,DAY_176,18,Software Capstone and Career Readiness,Operations and measurement,Deployment Monitoring And Documentation — Operations and Measurement,capstone,8,VS Code | Git | full approved stack | Docker | presentation tools,"Complete a supervised applied lab for deployment monitoring and documentation, record expected versus observed results, diagnose one controlled fault, and restore the approved state.","Baseline evidence, completed practical artifact, independent verification, safety/restoration record, and short professional report."
177,DAY_177,18,Software Capstone and Career Readiness,Troubleshooting laboratory,Portfolio Defense And Handover — Troubleshooting and Failure Modes,capstone,8,VS Code | Git | full approved stack | Docker | presentation tools,"Explain and demonstrate portfolio defense and handover through an authorized baseline, measurable check, documented failure mode, and independent verification.","Baseline evidence, completed practical artifact, independent verification, safety/restoration record, and short professional report."
178,DAY_178,18,Software Capstone and Career Readiness,Safety and quality review,"Portfolio Defense And Handover — Safety, Quality, and Verification",capstone,8,VS Code | Git | full approved stack | Docker | presentation tools,"Complete a supervised applied lab for portfolio defense and handover, record expected versus observed results, diagnose one controlled fault, and restore the approved state.","Baseline evidence, completed practical artifact, independent verification, safety/restoration record, and short professional report."
179,DAY_179,18,Software Capstone and Career Readiness,Integration and documentation,"Software Capstone and Career Readiness — Integration, Documentation, and Handover",capstone,8,VS Code | Git | full approved stack | Docker | presentation tools,"Integrate the four software capstone and career readiness skill areas into one reproducible workflow, diagram, checklist, evidence pack, and handover note.","Baseline evidence, completed practical artifact, independent verification, safety/restoration record, and short professional report."
180,DAY_180,18,Software Capstone and Career Readiness,Assessment and presentation,Software Capstone and Career Readiness — Assessment Project,capstone,8,VS Code | Git | full approved stack | Docker | presentation tools,"Plan, execute, verify, present, and safely close an assessment project covering the complete software capstone and career readiness phase.","Assessment demonstration, reproducible project/equipment package, verification and restoration evidence, safety review, and professional report."
